epoch,recon_loss,semi_supervised_loss,disc_cat_loss,gen_cat_loss,disc_style_loss,gen_style_loss
1,0.06542044471949339,3.493348443031311,0.1614546349493903,7.889670407235623,0.22904533303994684,5.122800044953823
2,0.055531778380274774,4.07629239988327,0.10611295241257176,7.984123495101929,0.10467760421771527,8.044884908676147
3,0.05322544150054455,4.550912268161774,0.10289098970778286,8.608517797470093,0.07003848827974435,9.078376289367675
4,0.046381645180284974,4.7100593028068545,0.0996892626117915,9.946318921089173,0.05752249818034761,8.144792907714844
5,0.04479875505715609,4.582018859386444,0.08216356335114687,10.081226565361023,0.0815552263498539,7.619242257118225
6,0.04412556229531765,4.422052968978882,0.08347291133645922,9.808720239639282,0.09481513056368567,7.100511186599731
