epoch,recon_loss,disc_cat_loss,gen_cat_loss,disc_style_loss,gen_style_loss
1,0.23012639320236486,1.217244716834569,0.825873807461981,1.386322212049344,0.6932890742238513,
2,0.22742529411638718,1.222571947512321,1.0530617149312254,1.3863468218302784,0.6930973076763742,
3,0.22435015496618674,1.2540336462211157,1.0103213089095724,1.3863396208529801,0.6932380525063448,
4,0.22040376081319432,1.2597398449292943,1.0000378635320415,1.3863713577071164,0.6932718153520888,
5,0.21451926588870568,1.2698903658610907,0.9889541925273995,1.3863418841305368,0.6932345798632877,77.4
6,0.20407670892049468,1.274068762457569,0.9862679207693087,1.3863048179698954,0.6932510471683783,
